stratum,label,contig,start,end,size,route,prefetch,context,snarls,limit,blockSize,ok,error,fragments,nodes,paths,gfaBytes,graphRequests,graphBytes,indexRequests,indexBytes,pagerGraphFetches,pagerIndexFetches,companionSeeks,graphLookups,keepFallback,keepPieces,totalMs,maxRssMb,wallS,status,open_ms,open_graphRequests,open_graphBytes,open_indexRequests,open_indexBytes,paths_ms,paths_graphRequests,paths_graphBytes,paths_indexRequests,paths_indexBytes,extract_ms,extract_graphRequests,extract_graphBytes,extract_indexRequests,extract_indexBytes,identify_ms,identify_graphRequests,identify_graphBytes,identify_indexRequests,identify_indexBytes,gfa_ms,gfa_graphRequests,gfa_graphBytes,gfa_indexRequests,gfa_indexBytes,keep_scan_ms,keep_walks_ms,keep_check_ms,keep_twins_ms
large,chr6-0,GRCh38#0#chr6,37068127,37368127,300000,sampled,on,1000,contained,,65536,True,,1,12763,464,39235519,14,4259840,20,1310720,14,20,0,0,,,6826,561,7.1,ok,881,1,65536,1,65536,2024,5,2818048,1,65536,2306,8,1376256,0,0,1184,0,0,18,1179648,430,0,0,0,0,,,,
large,chr6-0,GRCh38#0#chr6,37068127,37368127,300000,keep1,on,1000,contained,,65536,True,,1,8782,3,952172,17,5242880,36,2359296,17,36,0,0,,3,6094,306,6.3,ok,965,1,65536,1,65536,2071,5,2818048,1,65536,2990,11,2359296,34,2228224,0,0,0,0,0,68,0,0,0,0,904,241,461,0
large,chr6-1,GRCh38#0#chr6,153794500,154094500,300000,sampled,on,1000,contained,,65536,True,,1,14566,464,45292365,14,4390912,22,1441792,14,22,0,0,,,7162,523,7.4,ok,902,1,65536,1,65536,2219,5,2818048,1,65536,2529,8,1507328,0,0,953,0,0,20,1310720,558,0,0,0,0,,,,
large,chr6-1,GRCh38#0#chr6,153794500,154094500,300000,keep1,on,1000,contained,,65536,True,,1,10097,3,1045504,18,4784128,35,2293760,18,35,0,0,,3,6549,315,6.7,ok,752,1,65536,1,65536,2057,5,2818048,1,65536,3633,12,1900544,33,2162688,0,0,0,0,0,106,0,0,0,0,790,674,671,1
large,chr6-2,GRCh38#0#chr6,17940109,18240109,300000,sampled,on,1000,contained,,65536,True,,1,13990,464,43655667,14,4259840,22,1441792,14,22,0,0,,,6543,580,6.8,ok,735,1,65536,1,65536,2189,5,2818048,1,65536,1944,8,1376256,0,0,1175,0,0,20,1310720,500,0,0,0,0,,,,
large,chr6-2,GRCh38#0#chr6,17940109,18240109,300000,keep1,on,1000,contained,,65536,True,,1,9821,3,1029141,18,5242880,36,2359296,18,36,0,0,,3,6041,313,6.3,ok,676,1,65536,1,65536,2114,5,2818048,1,65536,3118,12,2359296,34,2228224,0,0,0,0,0,133,0,0,0,0,929,296,744,0
large,chr6-0,GRCh38#0#chr6,69469571,70469571,1000000,sampled,on,1000,contained,,65536,True,,1,48033,468,146527219,21,6750208,55,3604480,21,55,0,0,,,14668,1452,15.0,ok,693,1,65536,1,65536,2060,5,2818048,1,65536,7181,15,3866624,0,0,2532,0,0,53,3473408,2202,0,0,0,0,,,,
large,chr6-0,GRCh38#0#chr6,69469571,70469571,1000000,keep1,on,1000,contained,,65536,True,,1,33227,3,3495531,22,6946816,70,4587520,22,70,0,0,,3,10051,452,10.2,ok,627,1,65536,1,65536,2094,5,2818048,1,65536,6999,16,4063232,68,4456448,0,0,0,0,0,331,0,0,0,0,1089,278,2094,0
large,chr6-1,GRCh38#0#chr6,32653560,33653560,1000000,sampled,on,1000,contained,,65536,True,,1,69941,464,212014957,21,7864320,48,3145728,21,48,0,0,,,17236,1977,17.5,ok,719,1,65536,1,65536,2238,5,2818048,1,65536,8977,15,4980736,0,0,2347,0,0,46,3014656,2955,0,0,0,0,,,,
large,chr6-1,GRCh38#0#chr6,32653560,33653560,1000000,keep1,on,1000,contained,,65536,True,,1,50461,3,4701259,24,8912896,67,4390912,24,67,0,0,,3,10563,510,10.7,ok,668,1,65536,1,65536,2269,5,2818048,1,65536,7223,18,6029312,65,4259840,0,0,0,0,0,402,0,0,0,0,1153,513,1923,1
large,chr6-2,GRCh38#0#chr6,133992343,134992343,1000000,sampled,on,1000,contained,,65536,True,,1,42458,464,129381437,17,6422528,53,3473408,17,53,0,0,,,14353,1111,14.6,ok,763,1,65536,1,65536,2305,5,2818048,1,65536,6275,11,3538944,0,0,2706,0,0,51,3342336,2303,0,0,0,0,,,,
large,chr6-2,GRCh38#0#chr6,133992343,134992343,1000000,keep1,on,1000,contained,,65536,True,,1,28954,3,3144674,22,7143424,64,4194304,22,64,0,0,,3,9380,439,9.5,ok,659,1,65536,1,65536,2049,5,2818048,1,65536,6307,16,4259840,62,4063232,0,0,0,0,0,364,0,0,0,0,1221,276,1925,0
large,chr6-0,GRCh38#0#chr6,121659338,124659338,3000000,sampled,on,1000,contained,,65536,True,,1,119310,464,374857460,150,12320768,137,8978432,150,137,0,0,,,44141,3584,44.7,ok,717,1,65536,1,65536,2214,5,2818048,1,65536,27967,144,9437184,0,0,7398,0,0,135,8847360,5844,0,0,0,0,,,,
large,chr6-0,GRCh38#0#chr6,121659338,124659338,3000000,keep1,on,1000,contained,,65536,True,,1,83595,3,9148983,160,12976128,155,10158080,160,155,0,0,,3,36081,761,36.3,ok,676,1,65536,1,65536,2162,5,2818048,1,65536,32462,154,10092544,153,10027008,0,0,0,0,0,780,0,0,0,0,4609,2278,5269,0
large,chr6-1,GRCh38#0#chr6,127767366,130767366,3000000,sampled,on,1000,contained,,65536,True,,1,119116,468,371944768,150,12320768,137,8978432,150,137,0,0,,,42177,2835,42.6,ok,674,1,65536,1,65536,2171,5,2818048,1,65536,27328,144,9437184,0,0,6841,0,0,135,8847360,5163,0,0,0,0,,,,
large,chr6-1,GRCh38#0#chr6,127767366,130767366,3000000,keep1,on,1000,contained,,65536,True,,1,83182,3,9113886,158,12845056,151,9895936,158,151,0,0,,3,31451,817,31.7,ok,712,1,65536,1,65536,2285,5,2818048,1,65536,27749,152,9961472,149,9764864,0,0,0,0,0,704,0,0,0,0,1413,1266,4934,0
large,chr6-0,GRCh38#0#chr6,102902185,112902185,10000000,sampled,on,1000,contained,,65536,False,Invalid string length,,,,,1098,77266944,449,29425664,,,,,,,216866,7952,218.1,error,720,1,65536,1,65536,2111,5,2818048,1,65536,177543,1088,74121216,0,0,21081,4,262144,447,29294592,,,,,,,,,
large,chr6-0,GRCh38#0#chr6,102902185,112902185,10000000,keep1,on,1000,contained,,65536,True,,1,274015,3,30200593,1110,79822848,551,36110336,1110,551,0,0,,3,173058,1816,173.4,ok,723,1,65536,1,65536,2112,5,2818048,1,65536,167876,1104,76939264,549,35979264,0,0,0,0,0,2347,0,0,0,0,3035,1366,16713,0
large,chr6-whole,GRCh38#0#chr6,0,170805979,170805979,sampled,on,,,,,False,Command exited with non-zero status 124,,,,,4239,286720000,2,131072,,,,,,,600200,3834,600.2,timeout,701,1,65536,1,65536,1893,5,2818048,1,65536,,,,,,,,,,,,,,,,,,,
large,chr6-whole,GRCh38#0#chr6,0,170805979,170805979,keep1,on,,,,,False,Command exited with non-zero status 124,,,,,4130,279576576,2,131072,,,,,,,600300,3816,600.3,timeout,637,1,65536,1,65536,2122,5,2818048,1,65536,,,,,,,,,,,,,,,,,,,
